24-Nov-20  08:20 PM        12,092,283 01 - The Divine Name_ I Am (Excerpt).mp3
24-Nov-20  08:20 PM        10,875,843 02 - Crystal Bowls Chakra Chants - _Ocean Gold_.mp3
24-Nov-20  08:20 PM         9,316,741 03 - De-Stress - _Angel Dreams_.mp3
24-Nov-20  08:20 PM        13,371,766 04 - Ecstatic Sonics - _Ecstatic Beginnings_ En Lak Ech_.mp3
24-Nov-20  08:20 PM        11,974,480 05 - Merkaba of Sound (Excerpt).mp3
24-Nov-20  08:20 PM        11,382,755 06 - Reiki Chants - _Sei-He-Ki_.mp3
24-Nov-20  08:20 PM        12,518,934 07 - Cosmic Hum (Excerpt).mp3
24-Nov-20  08:20 PM        12,648,167 08 - Waves of Light (Excerpt).mp3
24-Nov-20  08:20 PM        12,918,458 09 - The Divine Name - _Harmonic Revelations_.mp3
24-Nov-20  08:20 PM        10,478,756 10 - Chakra Brainwave Harmonizer - (3rd Eye).mp3
24-Nov-20  08:20 PM        12,981,444 11 - Ascension Harmonics (Excerpt).mp3
24-Nov-20  08:20 PM         7,147,982 12 - Chakra Dance - _Heart of Compassion_ (Remix).mp3

